{
  "tiles": {
    "010_040": {
      "file": "010_040_trees.glb",
      "center_lat": 53.521796,
      "center_lng": -113.636224,
      "size_mb": 9.0,
      "z_base_offset": 3.89,
      "num_faces": 471366,
      "num_trees": 50
    },
    "015_045": {
      "file": "015_045_trees.glb",
      "center_lat": 53.544676,
      "center_lng": -113.597405,
      "size_mb": 8.5,
      "z_base_offset": 0.95,
      "num_faces": 447472,
      "num_trees": 50
    },
    "020_048": {
      "file": "020_048_trees.glb",
      "center_lat": 53.558342,
      "center_lng": -113.55864,
      "size_mb": 20.3,
      "z_base_offset": 1.18,
      "num_faces": 1066258,
      "num_trees": 50
    },
    "022_041": {
      "file": "022_041_trees.glb",
      "center_lat": 53.526079,
      "center_lng": -113.543533,
      "size_mb": 28.1,
      "z_base_offset": 1.8,
      "num_faces": 1472022,
      "num_trees": 50
    },
    "023_040": {
      "file": "023_040_trees.glb",
      "center_lat": 53.521449,
      "center_lng": -113.535863,
      "size_mb": 27.4,
      "z_base_offset": 1.78,
      "num_faces": 1436180,
      "num_trees": 50
    },
    "023_041": {
      "file": "023_041_trees.glb",
      "center_lat": 53.526049,
      "center_lng": -113.535812,
      "size_mb": 33.4,
      "z_base_offset": 2.2,
      "num_faces": 1750042,
      "num_trees": 50
    },
    "023_042": {
      "file": "023_042_trees.glb",
      "center_lat": 53.53065,
      "center_lng": -113.535762,
      "size_mb": 37.8,
      "z_base_offset": 24.92,
      "num_faces": 1979950,
      "num_trees": 50
    },
    "024_041": {
      "file": "024_041_trees.glb",
      "center_lat": 53.526019,
      "center_lng": -113.528091,
      "size_mb": 10.7,
      "z_base_offset": 5.72,
      "num_faces": 562694,
      "num_trees": 50
    },
    "030_045": {
      "file": "030_045_trees.glb",
      "center_lat": 53.54423,
      "center_lng": -113.481542,
      "size_mb": 2.3,
      "z_base_offset": 4.76,
      "num_faces": 118646,
      "num_trees": 50
    }
  }
}